"a001","a001"
"amaranth","amaranth"
"seed","seed"
"black","black"
"amaranthus","amaranthus"
"cruentus","cruentus"
"moricha","moricha"
"guti","guti"
"ramdana","ramdana"
"danthu","danthu"
"beeja","beeja"
"mawal","mawal"
"cheera","cheera"
"vithu","vithu"
"chengkruk","chengkruk"
"maru","maru"
"cavali","cavali"
"biya","biya"
"kosala","kosala"
"sag","sag"
"manji","manji"
"dhala","dhala"
"chaulali","chaulali"
"beej","beej"
"keerai","keerai"
"vidai","vidai"
"thotakoora","thotakoora"
"ginjalu","ginjalu"
"cereals","cereals"
"and","and"
"millets","millets"
"a002","a002"
"pale","pale"
"brown","brown"
"rajagaro","rajagaro"
"maji","maji"
"kale","kale"
"a003","a003"
"bajra","bajra"
"pennisetum","pennisetum"
"typhoideum","typhoideum"
"a.","a."
"baajra","baajra"
"bajri","bajri"
"sajje","sajje"
"krai","krai"
"kambam","kambam"
"bajara","bajara"
"kambu","kambu"
"sajjalu","sajjalu"
"a004","a004"
"barley","barley"
"hordeum","hordeum"
"vulgare","vulgare"
"barli","barli"
"jav","jav"
"jau","jau"
"wushke","wushke"
"sath","sath"
"jaba","jaba"
"jao","jao"
"yava","yava"
"baarli","baarli"
"arisi","arisi"
"a005","a005"
"jowar","jowar"
"sorghum","sorghum"
"jolada","jolada"
"pingu","pingu"
"irunku","irunku"
"jondhahlaa","jondhahlaa"
"janha","janha"
"javara","javara"
"cholam","cholam"
"jonna","jonna"
"a006","a006"
"maize","maize"
"dry","dry"
"zea","zea"
"mays","mays"
"makoi","makoi"
"bhutta","bhutta"
"makai","makai"
"makka","makka"
"mekke","mekke"
"jola","jola"
"symbai","symbai"
"riewhadem","riewhadem"
"stem","stem"
"chujaak","chujaak"
"maka","maka"
"sukha","sukha"
"chhali","chhali"
"yaavanaala","yaavanaala"
"mokkajonna","mokkajonna"
"a007","a007"
"tender","tender"
"local","local"
"lili","lili"
"a008","a008"
"sweet","sweet"
"lieh","lieh"
"a009","a009"
"quinoa","quinoa"
"chenopodium","chenopodium"
"a010","a010"
"ragi","ragi"
"eleusine","eleusine"
"coracana","coracana"
"bavato","bavato"
"bhakri","bhakri"
"ukrai","ukrai"
"panjapulle","panjapulle"
"kodo","kodo"
"mandia","mandia"
"mandal","mandal"
"madhulika","madhulika"
"kelvaragu","kelvaragu"
"mandwa","mandwa"
"a011","a011"
"rice","rice"
"flakes","flakes"
"oryza","oryza"
"sativa","sativa"
"chira","chira"
"chide","chide"
"paunva","paunva"
"poha","poha"
"avalakki","avalakki"
"chevri","chevri"
"shira","shira"
"aval","aval"
"chengpaak","chengpaak"
"pohe","pohe"
"chudaa","chudaa"
"chirwre","chirwre"
"atukulu","atukulu"
"a012","a012"
"puffed","puffed"
"muri","muri"
"mamra","mamra"
"muramure","muramure"
"kalle","kalle"
"puri","puri"
"tomul","tomul"
"pori","pori"
"kabok","kabok"
"mur","mur"
"chirmure","chirmure"
"murai","murai"
"mudhi","mudhi"
"phulian","phulian"
"maramaralu","maramaralu"
"murmure","murmure"
"a013","a013"
"raw","raw"
"matia","matia"
"rangar","rangar"
"chaul","chaul"
"kathai","kathai"
"chokha","chokha"
"chawal","chawal"
"bhura","bhura"
"choul","choul"
"khaw","khaw"
"saw","saw"
"kuthari","kuthari"
"cheng","cheng"
"dampudu","dampudu"
"biyyam","biyyam"
"a014","a014"
"parboiled","parboiled"
"milled","milled"
"ukhua","ukhua"
"siddha","siddha"
"chowl","chowl"
"bafela","bafela"
"usna","usna"
"kusubalakki","kusubalakki"
"boil","boil"
"puzhungal","puzhungal"
"ari","ari"
"ukadla","ukadla"
"tandool","tandool"
"usuna","usuna"
"chaula","chaula"
"biga","biga"
"hua","hua"
"uppudu","uppudu"
"a015","a015"
"milat","milat"
"khunda","khunda"
"choka","choka"
"akki","akki"
"tondool","tondool"
"a016","a016"
"samai","samai"
"panicum","panicum"
"miliare","miliare"
"sama","sama"
"kuri","kuri"
"shavan","shavan"
"ganuhaar","ganuhaar"
"chama","chama"
"sava","sava"
"suan","suan"
"swank","swank"
"a017","a017"
"varagu","varagu"
"setaria","setaria"
"italica","italica"
"konidhan","konidhan"
"syama","syama"
"dhan","dhan"
"ral","ral"
"gana","gana"
"priyangu","priyangu"
"thene","thene"
"snol","snol"
"thina","thina"
"rala","rala"
"kangni","kangni"
"thinai","thinai"
"karralu","karralu"
"a018","a018"
"wheat","wheat"
"flour","flour"
"refined","refined"
"triticum","triticum"
"aestivum","aestivum"
"moida","moida"
"maida","maida"
"maido","maido"
"oat","oat"
"mavu","mavu"
"pindi","pindi"
"a019","a019"
"atta","atta"
"ata","ata"
"samagra","samagra"
"gha","gha"
"sampurna","sampurna"
"godhi","godhi"
"hittu","hittu"
"unno","unno"
"lota","lota"
"ghaun","ghaun"
"no","no"
"lot","lot"
"godhambu","godhambu"
"kaneek","kaneek"
"gahama","gahama"
"mulu","mulu"
"godumai","godumai"
"maavu","maavu"
"godhuma","godhuma"
"a020","a020"
"whole","whole"
"ghehu","ghehu"
"gom","gom"
"gehun","gehun"
"kinek","kinek"
"ukew","ukew"
"godhumbu","godhumbu"
"gehu","gehu"
"gau","gau"
"kanaka","kanaka"
"godhum","godhum"
"godhumalu","godhumalu"
"a021","a021"
"bulgur","bulgur"
"dalia","dalia"
"ghaum","ghaum"
"kew","kew"
"ravu","ravu"
"gahu","gahu"
"ko","ko"
"pitho","pitho"
"ravai","ravai"
"a022","a022"
"semolina","semolina"
"suji","suji"
"soji","soji"
"rave","rave"
"sooj","sooj"
"uppumavu","uppumavu"
"rava","rava"
"a023","a023"
"vermicelli","vermicelli"
"sewai","sewai"
"semai","semai"
"ni","ni"
"sev","sev"
"siwain","siwain"
"shevige","shevige"
"sewian","sewian"
"semiya","semiya"
"simai","simai"
"sevian","sevian"
"a024","a024"
"roasted","roasted"
"shekeli","shekeli"
"bhooni","bhooni"
"b001","b001"
"bengal","bengal"
"gram","gram"
"dal","dal"
"cicer","cicer"
"arietinum","arietinum"
"boot","boot"
"dail","dail"
"cholar","cholar"
"chana","chana"
"daad","daad"
"chan","chan"
"ki","ki"
"kadale","kadale"
"bele","bele"
"chanu","chanu"
"dai","dai"
"shana","shana"
"kadala","kadala"
"parippu","parippu"
"tangkhai","tangkhai"
"harabara","harabara"
"channa","channa"
"dali","dali"
"buta","buta"
"sholedi","sholedi"
"kadalaiparuppu","kadalaiparuppu"
"sanaga","sanaga"
"papu","papu"
"chane","chane"
"grain","grain"
"legumes","legumes"
"b002","b002"
"chola","chola"
"kulai","kulai"
"harbara","harbara"
"mapum","mapum"
"kabuli","kabuli"
"shole","shole"
"chanak","chanak"
"kondaikadalai","kondaikadalai"
"sanagalu","sanagalu"
"b003","b003"
"phaseolus","phaseolus"
"mungo","mungo"
"matir","matir"
"phola","phola"
"biulir","biulir"
"aadad","aadad"
"urd","urd"
"uddhina","uddhina"
"kaha","kaha"
"uzhunnu","uzhunnu"
"sagol","sagol"
"hawai","hawai"
"uddachi","uddachi"
"maas","maas"
"birri","birri"
"maa","maa"
"daal","daal"
"maassa","maassa"
"ulutham","ulutham"
"paruppu","paruppu"
"minapapappu","minapapappu"
"mash","mash"
"b004","b004"
"gota","gota"
"mati","mati"
"mah","mah"
"mashkolail","mashkolail"
"adad","adad"
"chhilke","chhilke"
"wali","wali"
"urad","urad"
"iong","iong"
"uzhunu","uzhunu"
"sabut","sabut"
"ulundhu","ulundhu"
"minumulu","minumulu"
"b005","b005"
"cowpea","cowpea"
"vigna","vigna"
"catjang","catjang"
"lesera","lesera"
"mahor","mahor"
"barbati","barbati"
"chorap","chorap"
"lobia","lobia"
"alasande","alasande"
"rymbai","rymbai"
"vella","vella"
"payaru","payaru"
"pong","pong"
"chavli","chavli"
"bodi","bodi"
"jhudunga","jhudunga"
"raajamaassa","raajamaassa"
"karamani","karamani"
"bobbarlu","bobbarlu"
"baunir","baunir"
"b006","b006"
"white","white"
"b007","b007"
"field","field"
"bean","bean"
"vulgaris","vulgaris"
"urohi","urohi"
"shim","shim"
"valpapdi","valpapdi"
"sem","sem"
"avare","avare"
"moang","moang"
"ri","ri"
"avar","avar"
"papta","papta"
"baragudi","baragudi"
"mochai","mochai"
"chikkudu","chikkudu"
"b008","b008"
"b009","b009"
"b010","b010"
"green","green"
"aureus","aureus"
"dhua","dhua"
"mogu","mogu"
"mung","mung"
"mug","mug"
"hesara","hesara"
"muang","muang"
"u","u"
"cheru","cheru"
"payar","payar"
"moong","moong"
"khoste","khoste"
"muga","muga"
"mungi","mungi"
"di","di"
"payatham","payatham"
"pesara","pesara"
"pappu","pappu"
"b011","b011"
"moog","moog"
"hesare","hesare"
"kalu","kalu"
"jyrngam","jyrngam"
"pararu","pararu"
"mun","mun"
"mudra","mudra"
"pasipayir","pasipayir"
"pesalu","pesalu"
"b012","b012"
"horse","horse"
"dolicus","dolicus"
"biflorus","biflorus"
"kulotto","kulotto"
"kalai","kalai"
"kuleeth","kuleeth"
"kulthi","kulthi"
"hurule","hurule"
"kurath","kurath"
"muthira","muthira"
"bakulla","bakulla"
"kolatha","kolatha"
"kulattha","kulattha"
"kollu","kollu"
"ulavalu","ulavalu"
"b013","b013"
"lentil","lentil"
"lens","lens"
"culinaris","culinaris"
"masur","masur"
"mosur","mosur"
"masoor","masoor"
"laki","laki"
"vattu","vattu"
"masuri","masuri"
"lank","lank"
"masura","masura"
"dhooli","dhooli"
"masari","masari"
"triputta","triputta"
"khesari","khesari"
"lanka","lanka"
"b014","b014"
"musuroo","musuroo"
"saboot","saboot"
"mysore","mysore"
"misur","misur"
"b015","b015"
"yellowish","yellowish"
"rakhoda","rakhoda"
"b016","b016"
"moth","moth"
"aconitifolia","aconitifolia"
"motha","motha"
"narippayir","narippayir"
"matki","matki"
"kal","kal"
"kheri","kheri"
"math","math"
"bhiopnitam","bhiopnitam"
"b017","b017"
"peas","peas"
"pisum","pisum"
"sativum","sativum"
"motor","motor"
"matar","matar"
"vatana","vatana"
"sukhi","sukhi"
"batani","batani"
"kaza","kaza"
"mator","mator"
"pattani","pattani"
"matara","matara"
"sukhe","sukhe"
"hare","hare"
"kan.","kan."
"kara","kara"
"mangal","mangal"
"b018","b018"
"rajmah","rajmah"
"phansi","phansi"
"kadi","kadi"
"thugare","thugare"
"razma","razma"
"rajma","rajma"
"heh","heh"
"shravangheveda","shravangheveda"
"makussttaka","makussttaka"
"payir","payir"
"barigalu","barigalu"
"b019","b019"
"gulabi","gulabi"
"bhoore","bhoore"
"b020","b020"
"red","red"
"lal","lal"
"rit","rit"
"b021","b021"
"cajanus","cajanus"
"cajan","cajan"
"rohor","rohor"
"b.","b."
"kash.","kash."
"arhar","arhar"
"tuver","tuver"
"tuvaru","tuvaru"
"mairongbi","mairongbi"
"turdal","turdal"
"rahar","rahar"
"harada","harada"
"aaddhakii","aaddhakii"
"kandi","kandi"
"tuvaramparuppu","tuvaramparuppu"
"tuvar","tuvar"
"b022","b022"
"sabud","sabud"
"ja","ja"
"tuvarai","tuvarai"
"kandulu","kandulu"
"b023","b023"
"ricebean","ricebean"
"umbellata","umbellata"
"galmoong","galmoong"
"meth","meth"
"kattuzhunnu","kattuzhunnu"
"chakwai","chakwai"
"shiltong","shiltong"
"b024","b024"
"soya","soya"
"glycine","glycine"
"max","max"
"garikalai","garikalai"
"bhatmas","bhatmas"
"muth","muth"
"toh","toh"
"nunghawai","nunghawai"
"b025","b025"
"c001","c001"
"agathi","agathi"
"leaves","leaves"
"sesbania","sesbania"
"grandiflora","grandiflora"
"bok","bok"
"phular","phular"
"paat","paat"
"bak","bak"
"ful","ful"
"shak","shak"
"agathio","agathio"
"agasthi","agasthi"
"agase","agase"
"soppu","soppu"
"chu","chu"
"rangmei","rangmei"
"ka","ka"
"agasti","agasti"
"avise","avise"
"akulu","akulu"
"leafy","leafy"
"vegetables","vegetables"
"c002","c002"
"gangeticus","gangeticus"
"sak","sak"
"notya","notya"
"shaakh","shaakh"
"taldalja","taldalja"
"bhaaji","bhaaji"
"chaulai","chaulai"
"latte","latte"
"to","to"
"saag","saag"
"neutia","neutia"
"maarissa","maarissa"
"thandu","thandu"
"cholai","cholai"
"c003","c003"
"mix","mix"
"tandaljo","tandaljo"
"c004","c004"
"c005","c005"
"spinosus","spinosus"
"kanta","kanta"
"vado","vado"
"kantewali","kantewali"
"mulla","mulla"
"mullancheru","mullancheru"
"kantemanth","kantemanth"
"notay","notay"
"mulaikeerai","mulaikeerai"
"thotakura","thotakura"
"c006","c006"
"shaak","shaak"
"sla","sla"
"longmar","longmar"
"mulakeerai","mulakeerai"
"c007","c007"
"basella","basella"
"alba","alba"
"puroi","puroi"
"pui","pui"
"poi","poi"
"bhaji","bhaji"
"palak","palak"
"basale","basale"
"palong","palong"
"dkhar","dkhar"
"vallicheera","vallicheera"
"mayalu","mayalu"
"saaga","saaga"
"paalak","paalak"
"kodippasali","kodippasali"
"bachhali","bachhali"
"c008","c008"
"bathua","bathua"
"album","album"
"jilmil","jilmil"
"beto","beto"
"chilni","chilni"
"sagu","sagu"
"sakothina","sakothina"
"ushtahak","ushtahak"
"jada","jada"
"parippuchira","parippuchira"
"monsaobi","monsaobi"
"chakavath","chakavath"
"bethe","bethe"
"bathu","bathu"
"pappukura","pappukura"
"paruppukkeerai","paruppukkeerai"
"c009","c009"
"beet","beet"
"greens","greens"
"beta","beta"
"beetar","beetar"
"chukandhar","chukandhar"
"root","root"
"chogander","chogander"
"munji","munji"
"bit","bit"
"bengali","bengali"
"palungo","palungo"
"da","da"
"patta","patta"
"c010","c010"
"betel","betel"
"big","big"
"kolkata","kolkata"
"piper","piper"
"betle","betle"
"paan","paan"
"pan","pan"
"nagarvelna","nagarvelna"
"patha","patha"
"tympew","tympew"
"vettiiai","vettiiai"
"kwa","kwa"
"mana","mana"
"pana","pana"
"vetrilai","vetrilai"
"thamala","thamala"
"paku","paku"
"c011","c011"
"small","small"
"c012","c012"
"brussels","brussels"
"sprouts","sprouts"
"brassica","brassica"
"oleracea","oleracea"
"var.","var."
"gemmifera","gemmifera"
"biliti","biliti"
"bandhakopi","bandhakopi"
"nani","nani"
"kobi","kobi"
"choote","choote"
"gobi","gobi"
"mara","mara"
"kosu","kosu"
"haakh","haakh"
"kalakose","kalakose"
"chotee","chotee"
"chota","chota"
"bandha","bandha"
"chooti","chooti"
"band","band"
"kalaikose","kalaikose"
"chinna","chinna"
"cabbage","cabbage"
"choti","choti"
"bund","bund"
"gobh","gobh"
"c013","c013"
"chinese","chinese"
"rupa","rupa"
"china","china"
"lai","lai"
"bandh","bandh"
"salat","salat"
"chaina","chaina"
"c014","c014"
"collard","collard"
"viridis","viridis"
"na","na"
"kubi","kubi"
"seemai","seemai"
"parattai","parattai"
"c015","c015"
"capitata","capitata"
"f.","f."
"bondhakobi","bondhakobi"
"badha","badha"
"kopi","kopi"
"muttu","muttu"
"gose","gose"
"banda","banda"
"kovi","kovi"
"gobhi","gobhi"
"shaakaprabhedah","shaakaprabhedah"
"gos","gos"
"koora","koora"
"muttaikose","muttaikose"
"c016","c016"
"violet","violet"
"rubra","rubra"
"kopee","kopee"
"c017","c017"
"cauliflower","cauliflower"
"botrytis","botrytis"
"phul","phul"
"kobir","kobir"
"pat","pat"
"gopi","gopi"
"pata","pata"
"fulawar","fulawar"
"hukosu","hukosu"
"phoolgobi","phoolgobi"
"panwathir","panwathir"
"kobithamchetmai","kobithamchetmai"
"kauli","kauli"
"phula","phula"
"patra","patra"
"phool","phool"
"patte","patte"
"gojihvaa","gojihvaa"
"pookosu","pookosu"
"go","go"
"puvvu","puvvu"
"c018","c018"
"colocasia","colocasia"
"anti-quorum","anti-quorum"
"kasu","kasu"
"kochu","kochu"
"advi","advi"
"arvi","arvi"
"shamangadda","shamangadda"
"yele","yele"
"wang","wang"
"chembu","chembu"
"ilagal","ilagal"
"alu","alu"
"karkalo","karkalo"
"saru","saru"
"saga","saga"
"arbi","arbi"
"seppam","seppam"
"ilaigal","ilaigal"
"c019","c019"
"drumstick","drumstick"
"moringa","moringa"
"oleifera","oleifera"
"sajina","sajina"
"sajna","sajna"
"saragwa","saragwa"
"saijan","saijan"
"nuggeyele","nuggeyele"
"muringa","muringa"
"ela","ela"
"sajana","sajana"
"shevaga","shevaga"
"soanjhna","soanjhna"
"murungai","murungai"
"mulaga","mulaga"
"sujineki","sujineki"
"palli","palli"
"c020","c020"
"fenugreek","fenugreek"
"trigonella","trigonella"
"foenum","foenum"
"graecum","graecum"
"methi","methi"
"pandada","pandada"
"menthya","menthya"
"kasori","kasori"
"uluva","uluva"
"ila","ila"
"man","man"
"menthikoora","menthikoora"
"vendhaiya","vendhaiya"
"c021","c021"
"garden","garden"
"cress","cress"
"lepidium","lepidium"
"bor","bor"
"manimuni","manimuni"
"halim","halim"
"asadio","asadio"
"allibija","allibija"
"halyun","halyun"
"khliang","khliang"
"syiar","syiar"
"alivirai","alivirai"
"ahiva","ahiva"
"chamsoor","chamsoor"
"kakharu","kakharu"
"adityala","adityala"
"c022","c022"
"gogu","gogu"
"hibiscus","hibiscus"
"cannabinus","cannabinus"
"tengamora","tengamora"
"mestapat","mestapat"
"ambadi","ambadi"
"pitwa","pitwa"
"pundi","pundi"
"jajew","jajew"
"pulichai","pulichai"
"sougri","sougri"
"nalite","nalite"
"pulichchai","pulichchai"
"gongura","gongura"
"ambada","ambada"
"c023","c023"
"c024","c024"
"knol-khol","knol-khol"
"gongylodes","gongylodes"
"ool","ool"
"olkopi","olkopi"
"gath","gath"
"ganth","ganth"
"gedde","gedde"
"hakh","hakh"
"monji","monji"
"phan","phan"
"knol","knol"
"khol","khol"
"kabi","kabi"
"nol","nol"
"salgam","salgam"
"ulgobi","ulgobi"
"c025","c025"
"lettuce","lettuce"
"lactuca","lactuca"
"salad","salad"
"saalad","saalad"
"salada","salada"
"ilaikosu","ilaikosu"
"kavu","kavu"
"kismisaag","kismisaag"
"c026","c026"
"mustard","mustard"
"juncea","juncea"
"horiyo","horiyo"
"sorisa","sorisa"
"sarasava","sarasava"
"sarson","sarson"
"sasuve","sasuve"
"tyrso","tyrso"
"kadugu","kadugu"
"hangaam","hangaam"
"mochari","mochari"
"chi","chi"
"raayo","raayo"
"saro","saro"
"ilai","ilai"
"ava","ava"
"c027","c027"
"pak","pak"
"choi","choi"
"rapa","rapa"
"chinensis","chinensis"
"c028","c028"
"parsley","parsley"
"petroselinum","petroselinum"
"crispum","crispum"
"sugandhi","sugandhi"
"leela","leela"
"dhana","dhana"
"seema","seema"
"malli","malli"
"kothimbir","kothimbir"
"dhane","dhane"
"verkosu","verkosu"
"auchumooda","auchumooda"
"ajmod","ajmod"
"c029","c029"
"ponnaganni","ponnaganni"
"alternanthera","alternanthera"
"sessilis","sessilis"
"matikaduri","matikaduri"
"khanchari","khanchari"
"saranthi","saranthi"
"honagone","honagone"
"phakchet","phakchet"
"madarangh","madarangh"
"ponnaganti","ponnaganti"
"kunte","kunte"
"c030","c030"
"pumpkin","pumpkin"
"cucurbita","cucurbita"
"maxima","maxima"
"rongalao","rongalao"
"kumra","kumra"
"kolam","kolam"
"kumhra","kumhra"
"kumbale","kumbale"
"aal","aal"
"kaniji","kaniji"
"pathaw","pathaw"
"manthan","manthan"
"elakai","elakai"
"mairen","mairen"
"bhopla","bhopla"
"chipan","chipan"
"khakaru","khakaru"
"petha","petha"
"de","de"
"pate","pate"
"gummadi","gummadi"
"parangi","parangi"
"kaddu","kaddu"
"c031","c031"
"radish","radish"
"raphanus","raphanus"
"sativus","sativus"
"dherua","dherua"
"mulo","mulo"
"muda","muda"
"muli","muli"
"mullangi","mullangi"
"mooji","mooji"
"hangham","hangham"
"mula","mula"
"moolaa","moolaa"
"patta.","patta."
"c032","c032"
"rumex","rumex"
"patientia","patientia"
"suka","suka"
"bun","bun"
"palung","palung"
"sorrel","sorrel"
"chukki","chukki"
"amlavetasa","amlavetasa"
"tukhm","tukhm"
"hummaz","hummaz"
"c033","c033"
"spinach","spinach"
"spinacia","spinacia"
"paleng","paleng"
"spinak","spinak"
"basala","basala"
"paalungo","paalungo"
"palang","palang"
"paalakya","paalakya"
"pasalai","pasalai"
"palakoora","palakoora"
"c034","c034"
"tamarind","tamarind"
"tamarindus","tamarindus"
"indica","indica"
"tetul","tetul"
"amli","amli"
"h.","h."
"imli","imli"
"hunise","hunise"
"chiguru","chiguru"
"mal.","mal."
"puliam","puliam"
"chinchecha","chinchecha"
"pala","pala"
"tentuli","tentuli"
"chinta","chinta"
"teteli","teteli"
"mange","mange"
"sohkyntoi","sohkyntoi"
"d001","d001"
"ash","ash"
"gourd","gourd"
"benincasa","benincasa"
"hispida","hispida"
"kumura","kumura"
"chalkumra","chalkumra"
"bhuru","bhuru"
"kodu","kodu"
"budagumbala","budagumbala"
"iiwbih","iiwbih"
"kumbalanga","kumbalanga"
"torbot","torbot"
"kohala","kohala"
"kubhindo","kubhindo"
"panikakharu","panikakharu"
"venpoosani","venpoosani"
"boodida","boodida"
"peta","peta"
"other","other"
"d002","d002"
"bamboo","bamboo"
"shoot","shoot"
"bambusa","bambusa"
"bahgaj","bahgaj"
"bansber","bansber"
"ankur","ankur"
"lilo","lilo"
"vans","vans"
"baans","baans"
"baimbale","baimbale"
"kanile","kanile"
"lung","lung"
"siej","siej"
"mulankoombu","mulankoombu"
"soidon","soidon"
"kalkipan","kalkipan"
"bhet","bhet"
"lakdi","lakdi"
"moongil","moongil"
"kuruthu","kuruthu"
"veduru","veduru"
"d003","d003"
"scarlet","scarlet"
"coccineus","coccineus"
"chodi","chodi"
"hyambi","hyambi"
"buri","buri"
"ashaangbi","ashaangbi"
"fali","fali"
"d004","d004"
"bitter","bitter"
"jagged","jagged"
"teeth","teeth"
"ridges","ridges"
"elongate","elongate"
"momordica","momordica"
"charantia","charantia"
"kerela","kerela"
"korola","korola"
"karela","karela"
"hagal","hagal"
"kai","kai"
"kaippakka","kaippakka"
"karon","karon"
"akhabi","akhabi"
"karle","karle"
"tite","tite"
"kalara","kalara"
"tillikaa","tillikaa"
"kakara","kakara"
"kaya","kaya"
"paavakkai","paavakkai"
"d005","d005"
"short","short"
"uchhe","uchhe"
"marela","marela"
"d006","d006"
"smooth","smooth"
"d007","d007"
"bottle","bottle"
"lagenaria","lagenaria"
"jatilao","jatilao"
"lau","lau"
"dudhi","dudhi"
"lowki","lowki"
"sorekai","sorekai"
"zeeth","zeeth"
"klong","klong"
"cheranga","cheranga"
"khongdrum","khongdrum"
"pandhara","pandhara"
"lauka","lauka"
"kadu","kadu"
"kaarabellam","kaarabellam"
"suraikkai","suraikkai"
"sorrakaya","sorrakaya"
"d008","d008"
"round","round"
"gool","gool"
"kdu","kdu"
"d009","d009"
"dark","dark"
"zeth","zeth"
"jrong","jrong"
"d010","d010"
"brinjal-1","brinjal-1"
"solanum","solanum"
"melongena","melongena"
"bengena","bengena"
"begun","begun"
"ringna","ringna"
"baingan","baingan"
"badane","badane"
"wagun","wagun"
"sohbaingon","sohbaingon"
"vazhuthiniga","vazhuthiniga"
"lam","lam"
"khamen","khamen"
"vange","vange"
"bhantaa","bhantaa"
"baigan","baigan"
"vruntaakam","vruntaakam"
"kathirikkai","kathirikkai"
"vankaya","vankaya"
"d011","d011"
"brinjal-2","brinjal-2"
"d012","d012"
"brinjal-3","brinjal-3"
"d013","d013"
"brinjal-4","brinjal-4"
"d014","d014"
"brinjal-5","brinjal-5"
"d015","d015"
"brinjal-6","brinjal-6"
"d016","d016"
"brinjal-7","brinjal-7"
"d017","d017"
"brinjal-8","brinjal-8"
"d018","d018"
"brinjal-9","brinjal-9"
"d019","d019"
"brinjal-10","brinjal-10"
"d020","d020"
"brinjal-11","brinjal-11"
"d021","d021"
"brinjal-12","brinjal-12"
"d022","d022"
"brinjal-13","brinjal-13"
"d023","d023"
"brinjal-14","brinjal-14"
"d024","d024"
"brinjal-15","brinjal-15"
"d025","d025"
"brinjal-16","brinjal-16"
"d026","d026"
"brinjal-17","brinjal-17"
"d027","d027"
"brinjal-18","brinjal-18"
"d028","d028"
"brinjal-19","brinjal-19"
"d029","d029"
"brinjal-20","brinjal-20"
"d030","d030"
"brinjal-21","brinjal-21"
"d031","d031"
"brinjal","brinjal"
"-","-"
"all","all"
"varieties","varieties"
"d032","d032"
"broad","broad"
"beans","beans"
"vicia","vicia"
"faba","faba"
"urahi","urahi"
"makhon","makhon"
"fafda","fafda"
"papdi","papdi"
"bakla","bakla"
"chkaooaradavare","chkaooaradavare"
"thool","thool"
"haymbe","haymbe"
"majai","majai"
"amarakka","amarakka"
"ghewda","ghewda"
"simba","simba"
"avarai","avarai"
"pedda","pedda"
"d033","d033"
"capsicum","capsicum"
"annuum","annuum"
"kashmiri","kashmiri"
"jalakia","jalakia"
"bilathi","bilathi"
"bhuler","bhuler"
"marcha","marcha"
"shimla","shimla"
"mirch","mirch"
"donnmena","donnmena"
"sinakayi","sinakayi"
"marchwangan","marchwangan"
"sohmynken","sohmynken"
"jhur","jhur"
"undamulagu","undamulagu"
"bhoplimirchi","bhoplimirchi"
"shimle","shimle"
"mirchi","mirchi"
"koda","koda"
"milagai","milagai"
"d034","d034"
"d035","d035"
"yellow","yellow"
"d036","d036"
"d037","d037"
"celery","celery"
"stalk","stalk"
"apium","apium"
"graveolens","graveolens"
"randhuni","randhuni"
"ajmud","ajmud"
"dieng","dieng"
"seleri","seleri"
"daandi","daandi"
"sivarikkeerai","sivarikkeerai"
"d038","d038"
"cho-cho-marrow","cho-cho-marrow"
"sechium","sechium"
"edule","edule"
"squash","squash"
"cho","cho"
"marrow","marrow"
"dasakusa","dasakusa"
"sara","sara"
"phuti","phuti"
"kakudi","kakudi"
"biskot","biskot"
"chow","chow"
"d039","d039"
"cluster","cluster"
"cyamopsis","cyamopsis"
"tetragonobola","tetragonobola"
"jhar","jhar"
"sim","sim"
"govar","govar"
"gaur","gaur"
"phalli","phalli"
"gori","gori"
"koyi","koyi"
"kothavara","kothavara"
"govari","govari"
"guanra","guanra"
"chhuin","chhuin"
"guarae","guarae"
"faliya","faliya"
"kothavaranga","kothavaranga"
"goruchikkudu","goruchikkudu"
"gavar","gavar"
"d040","d040"
"antiquorum","antiquorum"
"thari","thari"
"kochur","kochur"
"loti","loti"
"arwi","arwi"
"dandi","dandi"
"kesu","kesu"
"kawang","kawang"
"chembin","chembin"
"makhok","makhok"
"che","che"
"dath","dath"
"sarunada","sarunada"
"dande","dande"
"seppanthandu","seppanthandu"
"kada","kada"
"ke","ke"
"kade","kade"
"d041","d041"
"d042","d042"
"corn","corn"
"baby","baby"
"shoti","shoti"
"shalli","shalli"
"d043","d043"
"cucumber","cucumber"
"cucumis","cucumis"
"tiyoh","tiyoh"
"sosha","sosha"
"kakdi","kakdi"
"kheera","kheera"
"southe","southe"
"kayi","kayi"
"laar","laar"
"sohkhia","sohkhia"
"vellarikka","vellarikka"
"thabi","thabi"
"kakadi","kakadi"
"kakro","kakro"
"khira","khira"
"patolah","patolah"
"vellarikkai","vellarikkai"
"dosa","dosa"
"d044","d044"
"d045","d045"
"orange","orange"
"pyllon","pyllon"
"d046","d046"
"danta","danta"
"saragavo","saragavo"
"nugga","nugga"
"muringakkai","muringakkai"
"shevanga","shevanga"
"sheng","sheng"
"suhanjana","suhanjana"
"phalliya","phalliya"
"murungakkai","murungakkai"
"mulakaada","mulakaada"
"sujne","sujne"
"d047","d047"
"vidaiavarai","vidaiavarai"
"d048","d048"
"lean","lean"
"a.urohi","a.urohi"
"d049","d049"
"french","french"
"country","country"
"fansi","fansi"
"huruli","huruli"
"presbin","presbin"
"phyrngop","phyrngop"
"pharasebee","pharasebee"
"ghiu","ghiu"
"simi","simi"
"fras","fras"
"sannachikkudu","sannachikkudu"
"d050","d050"
"hybrid","hybrid"
"d051","d051"
"jack","jack"
"fruit","fruit"
"artocarpus","artocarpus"
"heterophyllus","heterophyllus"
"kothal","kothal"
"kanthal","kanthal"
"phanas","phanas"
"kathal","kathal"
"bindu","bindu"
"halasu","halasu"
"soh","soh"
"theibong","theibong"
"chakka","chakka"
"katahar","katahar"
"panasa","panasa"
"palapazham","palapazham"
"kathahal","kathahal"
"d052","d052"
"mature","mature"
"shyieng","shyieng"
"palakkottai","palakkottai"
"d053","d053"
"oolkobi","oolkobi"
"kol","kol"
"kohl","kohl"
"rabi","rabi"
"noolkol","noolkol"
"monjh","monjh"
"haak","haak"
"gyathkopi","gyathkopi"
"ulkobi","ulkobi"
"knoolkol","knoolkol"
"d054","d054"
"kovai","kovai"
"coccinia","coccinia"
"cordifolia","cordifolia"
"kunduli","kunduli"
"telakucha","telakucha"
"ghole","ghole"
"gluru","gluru"
"konduri","konduri"
"tondekayi","tondekayi"
"thliem","thliem"
"kova","kova"
"tondale","tondale"
"kunduru","kunduru"
"donda","donda"
"tindli","tindli"
"d055","d055"
"d056","d056"
"ladies","ladies"
"finger","finger"
"abelmoschus","abelmoschus"
"esculentus","esculentus"
"bhendi","bhendi"
"dherosh","dherosh"
"bhinda","bhinda"
"bhindi","bhindi"
"bende","bende"
"bindi","bindi"
"vendakkai","vendakkai"
"belandri","belandri"
"ramtoriya","ramtoriya"
"bhindikaa","bhindikaa"
"vendaikkai","vendaikkai"
"bendakaya","bendakaya"
"d057","d057"
"mango","mango"
"mangifera","mangifera"
"keasa","keasa"
"aam","aam"
"kancha","kancha"
"ambo","ambo"
"katcha","katcha"
"mavinakayi","mavinakayi"
"kach","kach"
"aamb","aamb"
"pieng","pieng"
"im","im"
"manga","manga"
"heinou","heinou"
"ashangba","ashangba"
"amba","amba"
"ambu","ambu"
"kacha","kacha"
"kaccha","kaccha"
"mangai","mangai"
"mamidikaya","mamidikaya"
"d058","d058"
"onion","onion"
"allium","allium"
"cepa","cepa"
"piyaj","piyaj"
"piyaz","piyaz"
"kali","kali"
"dunglina","dunglina"
"dakkadi","dakkadi"
"pyaz","pyaz"
"erulli","erulli"
"pichiganda","pichiganda"
"piat","piat"
"ulli","ulli"
"tilhou","tilhou"
"pati","pati"
"chhayapi","chhayapi"
"piaja","piaja"
"sandha","sandha"
"pyaaz","pyaaz"
"vengaya","vengaya"
"thaal","thaal"
"kadalu","kadalu"
"hari","hari"
"d059","d059"
"papaya","papaya"
"carica","carica"
"kesa","kesa"
"omita","omita"
"pempe","pempe"
"papayi","papayi"
"pepita","pepita"
"kymphor","kymphor"
"papita","papita"
"dudde","dudde"
"omakaya","omakaya"
"awathabi","awathabi"
"amrutabhanda","amrutabhanda"
"pappalikkaai","pappalikkaai"
"boppayi","boppayi"
"d060","d060"
"parwar","parwar"
"trichosanthes","trichosanthes"
"dioica","dioica"
"potol","potol"
"padval","padval"
"parwal","parwal"
"thonde","thonde"
"patol","patol"
"kovakkai","kovakkai"
"potala","potala"
"kommu","kommu"
"potla","potla"
"d061","d061"
"fresh","fresh"
"shuti","shuti"
"g.","g."
"tharaak","tharaak"
"paccha","paccha"
"d062","d062"
"plantain","plantain"
"flower","flower"
"musa","musa"
"x","x"
"paradisiaca","paradisiaca"
"koldil","koldil"
"mocha","mocha"
"kel","kel"
"kele","kele"
"bale","bale"
"motho","motho"
"pashor","pashor"
"kait","kait"
"vazhapoo","vazhapoo"
"lafu","lafu"
"tharo","tharo"
"kadali","kadali"
"bhanda","bhanda"
"arati","arati"
"kela","kela"
"d063","d063"
"kaskol","kaskol"
"purakol","purakol"
"kanch","kanch"
"hara","hara"
"kham","kham"
"kael","kael"
"vazhakkai","vazhakkai"
"laphoi","laphoi"
"bungo","bungo"
"bantala","bantala"
"rambhaa","rambhaa"
"vazhakkaai","vazhakkaai"
"d064","d064"
"posola","posola"
"thor","thor"
"kelanu","kelanu"
"thed","thed"
"tana","tana"
"dindu","dindu"
"nud","nud"
"unnipindi","unnipindi"
"kelicha","kelicha"
"khunt","khunt"
"manja","manja"
"vazhai","vazhai"
"doota","doota"
"d065","d065"
"cylindrical","cylindrical"
"kumro","kumro"
"kohlu","kohlu"
"kumbala","kumbala"
"kash","kash"
"paarimal","paarimal"
"mathan","mathan"
"farsi","farsi"
"kummaandah","kummaandah"
"parangikkai","parangikkai"
"d066","d066"
"d067","d067"
"thuvarai","thuvarai"
"pacchi","pacchi"
"d068","d068"
"ridge","ridge"
"luffa","luffa"
"acutangula","acutangula"
"jikaa","jikaa"
"jhinge","jhinge"
"turia","turia"
"torai","torai"
"heeraikai","heeraikai"
"turrel","turrel"
"jingka","jingka"
"gurdudde","gurdudde"
"peechinga","peechinga"
"sebot","sebot"
"dodka","dodka"
"janhi","janhi"
"tori","tori"
"peerkankai","peerkankai"
"beera","beera"
"turai","turai"
"d069","d069"
"skin","skin"
"bhol","bhol"
"janchi","janchi"
"d070","d070"
"snake","snake"
"long","long"
"anguina","anguina"
"dhunduli","dhunduli"
"chichinga","chichinga"
"pandola","pandola"
"chachinda","chachinda"
"podavala","podavala"
"padavalanga","padavalanga"
"padwal","padwal"
"chichindo","chichindo"
"galartori","galartori"
"cicinndda","cicinndda"
"pudalangai","pudalangai"
"chichinda","chichinda"
"d071","d071"
"d072","d072"
"d073","d073"
"tinda","tinda"
"praecitrullus","praecitrullus"
"fistulosus","fistulosus"
"tadabuch","tadabuch"
"thondekkai","thondekkai"
"dhemase","dhemase"
"tinde","tinde"
"d074","d074"
"tomato","tomato"
"lycopersicon","lycopersicon"
"esculentum","esculentum"
"bilahi","bilahi"
"tamator","tamator"
"goore","goore"
"hannu","hannu"
"rowagun","rowagun"
"takkali","takkali"
"ashinba","ashinba"
"velvangi","velvangi"
"bilati","bilati"
"thakkali","thakkali"
"ramamulagakaya","ramamulagakaya"
"tamatar","tamatar"
"d075","d075"
"ripe","ripe"
"poka","poka"
"tameta","tameta"
"rowangun","rowangun"
"pazham","pazham"
"pakke","pakke"
"rakta","rakta"
"phalam","phalam"
"gholobheda","gholobheda"
"pakka","pakka"
"d076","d076"
"khasii","khasii"
"d077","d077"
"zucchini","zucchini"
"pepo","pepo"
"dhudul","dhudul"
"sabed","sabed"
"dilpasand","dilpasand"
"kaashiral","kaashiral"
"kashi","kashi"
"golu","golu"
"phubi","phubi"
"kakuri","kakuri"
"suraikayi","suraikayi"
"d078","d078"
"e001","e001"
"apple","apple"
"malus","malus"
"domestica","domestica"
"apel","apel"
"safarjan","safarjan"
"sebu","sebu"
"tsoonth","tsoonth"
"safar","safar"
"chand","chand"
"shau","shau"
"seb","seb"
"seva","seva"
"sepu","sepu"
"sema","sema"
"regu","regu"
"saib","saib"
"fruits","fruits"
"e002","e002"
"lila","lila"
"e003","e003"
"e004","e004"
"kashmir","kashmir"
"sylvestris","sylvestris"
"e005","e005"
"apricot","apricot"
"dried","dried"
"prunus","prunus"
"armeniaca","armeniaca"
"malhoi","malhoi"
"suska","suska"
"khubani","khubani"
"jardaloo","jardaloo"
"velu","velu"
"khoomani","khoomani"
"jaldaru","jaldaru"
"tser","tser"
"sheema","sheema"
"bedhaam","bedhaam"
"malhei","malhei"
"jardaalu","jardaalu"
"khattu","khattu"
"kharamani","kharamani"
"badam","badam"
"jallaru","jallaru"
"pandu","pandu"
"sakkarai","sakkarai"
"badhami","badhami"
"khubaani","khubaani"
"e006","e006"
"processed","processed"
"e007","e007"
"avocado","avocado"
"persea","persea"
"americana","americana"
"kulunashpati","kulunashpati"
"makhanphal","makhanphal"
"bennephala","bennephala"
"bennehannu","bennehannu"
"goshtub","goshtub"
"tang","tang"
"aathachakka","aathachakka"
"venna","venna"
"makhan","makhan"
"phal","phal"
"vennaipazham","vennaipazham"
"e008","e008"
"bael","bael"
"aegle","aegle"
"marmelos","marmelos"
"bel","bel"
"bila","bila"
"vilwa","vilwa"
"heiri","heiri"
"khagok","khagok"
"bhel","bhel"
"marendu","marendu"
"e009","e009"
"banana","banana"
"montham","montham"
"kola","kola"
"paka","paka"
"keda","keda"
"syiem","syiem"
"vazha","vazha"
"kera","kera"
"champa","champa"
"kella","kella"
"kadalii","kadalii"
"e010","e010"
"poovam","poovam"
"mon","mon"
"e011","e011"
"sevvazhaipazham","sevvazhaipazham"
"e012","e012"
"robusta","robusta"
"jaji","jaji"
"vazhaipazham","vazhaipazham"
"e013","e013"
"berry","berry"
"rubus","rubus"
"fruticosus","fruticosus"
"jamu","jamu"
"kalojam","kalojam"
"jambu","jambu"
"kala","kala"
"jamun","jamun"
"neralai","neralai"
"jam","jam"
"naval","naval"
"jaam","jaam"
"jambhool","jambhool"
"jamukoli","jamukoli"
"nagapazham","nagapazham"
"neredupandu","neredupandu"
"e014","e014"
"cherries","cherries"
"cerasus","cerasus"
"cherry","cherry"
"gilas","gilas"
"kadugempu","kadugempu"
"sherri","sherri"
"cherrypazham","cherrypazham"
"cherri","cherri"
"e015","e015"
"currants","currants"
"ribes","ribes"
"nigrum","nigrum"
"kismis","kismis"
"draksh","draksh"
"munakka","munakka"
"nerale","nerale"
"najavalppazham","najavalppazham"
"pravaha","pravaha"
"karunthiratcha","karunthiratcha"
"nalla","nalla"
"kishmish","kishmish"
"e016","e016"
"custard","custard"
"annona","annona"
"squamosa","squamosa"
"sitaphal","sitaphal"
"sitapad","sitapad"
"sharifa","sharifa"
"seethapazham","seethapazham"
"sitaphalam","sitaphalam"
"e017","e017"
"dates","dates"
"phoenix","phoenix"
"dactylifera","dactylifera"
"khajur","khajur"
"kharjura","kharjura"
"kharek","kharek"
"chuhara","chuhara"
"kharjoora","kharjoora"
"eethapazham","eethapazham"
"thangtup","thangtup"
"khajura","khajura"
"khajuri","khajuri"
"chawara","chawara"
"pericham","pericham"
"khajoora","khajoora"
"e018","e018"
"e019","e019"
"e020","e020"
"fig","fig"
"ficus","ficus"
"dimoru","dimoru"
"dumura","dumura"
"anjir","anjir"
"anjeer","anjeer"
"anjurada","anjurada"
"hannugalu","hannugalu"
"dimbur","dimbur"
"athipazham","athipazham"
"heirit","heirit"
"dimiri","dimiri"
"anjiira","anjiira"
"atti","atti"
"e021","e021"
"goosberry","goosberry"
"emblica","emblica"
"officinalis","officinalis"
"amlakhi","amlakhi"
"amla","amla"
"betta","betta"
"nelli","nelli"
"mylleng","mylleng"
"nellikka","nellikka"
"heikru","heikru"
"aanla","aanla"
"olle","olle"
"nellikkai","nellikkai"
"usirikaya","usirikaya"
"e022","e022"
"grapes","grapes"
"seeded","seeded"
"vitis","vitis"
"vinifera","vinifera"
"angoor","angoor"
"draksha","draksha"
"dach","dach"
"grape","grape"
"mundiringa","mundiringa"
"draakssaa","draakssaa"
"panneer","panneer"
"dratchai","dratchai"
"padu","padu"
"e023","e023"
"e024","e024"
"e025","e025"
"seedless","seedless"
"oval","oval"
"e026","e026"
"e027","e027"
"e028","e028"
"guava","guava"
"flesh","flesh"
"psidium","psidium"
"guajava","guajava"
"madhurium","madhurium"
"peyara","peyara"
"jamphad","jamphad"
"amrud","amrud"
"seebe","seebe"
"amrodh","amrodh"
"pyriam","pyriam"
"perakka","perakka"
"nattu","nattu"
"pungton","pungton"
"peru","peru"
"aamba","aamba"
"pijuli","pijuli"
"deshi","deshi"
"peruka","peruka"
"koiyapazham","koiyapazham"
"jama","jama"
"amrood","amrood"
"e029","e029"
"pink","pink"
"bilaiti","bilaiti"
"e030","e030"
"e031","e031"
"syzygium","syzygium"
"cumini","cumini"
"jaamrool","jaamrool"
"e032","e032"
"karonda","karonda"
"carissa","carissa"
"carandas","carandas"
"korja","korja"
"tenga","tenga"
"koromcha","koromcha"
"karamda","karamda"
"balalak","balalak"
"dindimi","dindimi"
"karekayi","karekayi"
"karvand","karvand"
"karakka","karakka"
"sushena","sushena"
"karamazda","karamazda"
"kalakkay","kalakkay"
"parungala","parungala"
"kalive","kalive"
"e033","e033"
"lemon","lemon"
"juice","juice"
"citrus","citrus"
"limon","limon"
"nimbhu","nimbhu"
"nimapandu","nimapandu"
"kagaji","kagaji"
"limbu","limbu"
"lebu","lebu"
"nibu","nibu"
"neembu","neembu"
"nemu","nemu"
"nyomb","nyomb"
"lehin","lehin"
"kaagati","kaagati"
"champra","champra"
"mahi","mahi"
"jew","jew"
"e034","e034"
"lime","lime"
"pulp","pulp"
"limetta","limetta"
"mosambi","mosambi"
"gaja","gaja"
"nimma","nimma"
"kolinchi","kolinchi"
"nimbe","nimbe"
"goda","goda"
"mitha","mitha"
"mosumi","mosumi"
"mosami","mosami"
"balensha","balensha"
"e035","e035"
"litchi","litchi"
"nephelium","nephelium"
"lichu","lichu"
"lichi","lichi"
"manir","manir"
"letchu","letchu"
"e036","e036"
"banganapalli","banganapalli"
"keri","keri"
"mvina","mvina"
"mam","mam"
"amunba","amunba"
"piklela","piklela"
"ampa","ampa"
"pachila","pachila"
"aamra","aamra"
"mampazham","mampazham"
"mamidi","mamidi"
"e037","e037"
"gulabkhas","gulabkhas"
"pakeli","pakeli"
"kedi","kedi"
"e038","e038"
"himsagar","himsagar"
"e039","e039"
"kesar","kesar"
"e040","e040"
"neelam","neelam"
"nilam","nilam"
"e041","e041"
"paheri","paheri"
"e042","e042"
"totapari","totapari"
"totapuri","totapuri"
"e043","e043"
"mangosteen","mangosteen"
"garcinia","garcinia"
"mangostana","mangostana"
"mangustan","mangustan"
"kodam","kodam"
"puli","puli"
"sulambali","sulambali"
"e044","e044"
"manila","manila"
"pithecellobium","pithecellobium"
"dulce","dulce"
"jilapi","jilapi"
"bakhai","bakhai"
"ambli","ambli"
"vilayabi","vilayabi"
"ganga","ganga"
"jangal","jangal"
"jalebi","jalebi"
"dora","dora"
"hunase","hunase"
"kyntoi","kyntoi"
"vilayatichinch","vilayatichinch"
"jangjalebi","jangjalebi"
"kodukkapuli","kodukkapuli"
"chintakaya","chintakaya"
"e045","e045"
"musk","musk"
"melon","melon"
"siral","siral"
"kharamuja","kharamuja"
"kharbujo","kharbujo"
"kharbooja","kharbooja"
"kherbuz","kherbuz"
"mulam","mulam"
"kharbuuja","kharbuuja"
"kharbuz","kharbuz"
"e046","e046"
"pido","pido"
"e047","e047"
"aurantium","aurantium"
"komola","komola"
"kamala","kamala"
"santra","santra"
"kithilai","kithilai"
"sangtar","sangtar"
"niamtra","niamtra"
"madhura","madhura"
"naranga","naranga"
"komla","komla"
"santre","santre"
"suntala","suntala"
"naarangga","naarangga"
"saathukudi","saathukudi"
"e048","e048"
"palm","palm"
"borassus","borassus"
"flabellifer","flabellifer"
"tar","tar"
"thati","thati"
"mangu","mangu"
"pnamnungu","pnamnungu"
"tala","tala"
"saja","saja"
"panai","panai"
"nungu","nungu"
"munjalu","munjalu"
"e049","e049"
"carcia","carcia"
"amita","amita"
"pepe","pepe"
"papayu","papayu"
"pappayi","pappayi"
"omakai","omakai"
"popai","popai"
"mewa","mewa"
"amrutbhanda","amrutbhanda"
"pappali","pappali"
"e050","e050"
"peach","peach"
"communis","communis"
"ahom","ahom"
"bogori","bogori"
"aroo","aroo"
"aer","aer"
"phareng","phareng"
"chumbrei","chumbrei"
"e051","e051"
"pear","pear"
"persica","persica"
"naspoti","naspoti"
"nashpati","nashpati"
"nashpatino","nashpatino"
"berikai","berikai"
"phoh","phoh"
"sabarjil","sabarjil"
"naspati","naspati"
"berikkai","berikkai"
"berikaya","berikaya"
"e052","e052"
"phalsa","phalsa"
"grewia","grewia"
"asiatica","asiatica"
"pharaskol","pharaskol"
"falsa","falsa"
"broi","broi"
"palisa","palisa"
"mirgichara","mirgichara"
"e053","e053"
"pineapple","pineapple"
"ananas","ananas"
"comosus","comosus"
"ahnaros","ahnaros"
"anarasa","anarasa"
"anenas","anenas"
"punchitipul","punchitipul"
"trun","trun"
"anas","anas"
"kayirha","kayirha"
"kihom","kihom"
"sapuri","sapuri"
"annasi","annasi"
"anasa","anasa"
"e054","e054"
"plum","plum"
"alubokhara","alubokhara"
"aaddu","aaddu"
"onagida","onagida"
"draakshi","draakshi"
"aeir","aeir"
"dorris","dorris"
"norris","norris"
"heikha","heikha"
"aloobhukhara","aloobhukhara"
"alapagoda","alapagoda"
"e055","e055"
"pomegranate","pomegranate"
"maroon","maroon"
"seeds","seeds"
"punica","punica"
"granatum","granatum"
"dalim","dalim"
"bedana","bedana"
"dadam","dadam"
"anar","anar"
"dalimbari","dalimbari"
"daan","daan"
"dalimb","dalimb"
"mathalam","mathalam"
"pazhham","pazhham"
"kamphoi","kamphoi"
"dalimba","dalimba"
"daaddima","daaddima"
"madhulam","madhulam"
"danimma","danimma"
"anaar","anaar"
"e056","e056"
"pummelo","pummelo"
"rabab","rabab"
"batabilembu","batabilembu"
"papnuse","papnuse"
"chakotra","chakotra"
"chakkota","chakkota"
"bah","bah"
"bombilimas","bombilimas"
"nobab","nobab"
"papnus","papnus"
"batapilembu","batapilembu"
"pampara","pampara"
"e057","e057"
"raisins","raisins"
"drashi","drashi"
"unakku","unakku"
"songi","songi"
"ular","ular"
"dhirachai","dhirachai"
"endu","endu"
"e058","e058"
"golden","golden"
"pidi","pidi"
"suke","suke"
"dhrakshi","dhrakshi"
"e059","e059"
"rambutan","rambutan"
"lappaceum","lappaceum"
"e060","e060"
"sapota","sapota"
"achras","achras"
"chiku","chiku"
"e061","e061"
"soursop","soursop"
"muricata","muricata"
"shul","shul"
"ram","ram"
"fal","fal"
"lakshmanaphala","lakshmanaphala"
"mulluramphala","mulluramphala"
"mullatha","mullatha"
"malai","malai"
"seethapalam","seethapalam"
"paanghi","paanghi"
"lakshamana","lakshamana"
"phalamu","phalamu"
"e062","e062"
"star","star"
"averrhoa","averrhoa"
"carambola","carambola"
"kordoi","kordoi"
"amrakh","amrakh"
"kazmal","kazmal"
"kamrakh","kamrakh"
"kamaraka","kamaraka"
"kapazakshi","kapazakshi"
"pyrshong","pyrshong"
"caturappuli","caturappuli"
"heinoujom","heinoujom"
"karambal","karambal"
"karamanga","karamanga"
"tamarattai","tamarattai"
"e063","e063"
"strawberry","strawberry"
"fragaria","fragaria"
"ananassa","ananassa"
"nela","nela"
"milli","milli"
"stap","stap"
"stroberry","stroberry"
"lachi","lachi"
"istaber","istaber"
"e064","e064"
"indicus","indicus"
"tambari","tambari"
"chinch","chinch"
"imali","imali"
"sucukrika","sucukrika"
"chintha","chintha"
"e065","e065"
"water","water"
"sugar","sugar"
"citrullus","citrullus"
"tormuj","tormuj"
"tarmuj","tarmuj"
"tadbuj","tadbuj"
"tarbuj","tarbuj"
"kallangadi","kallangadi"
"hend","hend"
"wend","wend"
"watermelon","watermelon"
"bacchanga","bacchanga"
"thannir","thannir"
"kalingad","kalingad"
"kharbuja","kharbuja"
"tarvuja","tarvuja"
"dawana","dawana"
"darbusani","darbusani"
"puchakaya","puchakaya"
"tarbuja","tarbuja"
"e066","e066"
"e067","e067"
"wood","wood"
"limonia","limonia"
"acidissima","acidissima"
"koyeth","koyeth"
"kothu","kothu"
"kaith","kaith"
"bum","bum"
"choont","choont"
"vilam","vilam"
"kavath","kavath"
"kaitha","kaitha"
"chaktora","chaktora"
"bilvaon","bilvaon"
"gorakamli","gorakamli"
"velega","velega"
"beal","beal"
"e068","e068"
"zizyphus","zizyphus"
"jujube","jujube"
"kula","kula"
"ber","ber"
"yelachi","yelachi"
"brey","brey"
"elanth","elanth"
"boroi","boroi"
"barakoli","barakoli"
"beri","beri"
"badarii","badarii"
"elanthai","elanthai"
"f001","f001"
"chukandar","chukandar"
"bita","bita"
"paalangashaakah","paalangashaakah"
"chokhandar","chokhandar"
"roots","roots"
"tubers","tubers"
"f002","f002"
"carrot","carrot"
"dacus","dacus"
"carota","carota"
"gajor","gajor"
"gajar","gajar"
"gajjare","gajjare"
"ghahzir","ghahzir"
"kajor","kajor"
"gajara","gajara"
"grunjanam","grunjanam"
"gajjara","gajjara"
"gadda","gadda"
"f003","f003"
"f004","f004"
"samagadde","samagadde"
"faram","faram"
"shriew","shriew"
"kanda","kanda"
"seppankizhangu","seppankizhangu"
"dumpa","dumpa"
"f005","f005"
"lotus","lotus"
"nelumbium","nelumbium"
"nelumbo","nelumbo"
"podum","podum"
"kamad","kamad"
"kamal","kamal"
"gatta","gatta"
"tavare","tavare"
"dantu","dantu"
"nader","nader"
"thied","thied"
"thamara","thamara"
"thambou","thambou"
"kamalkaakdi","kamalkaakdi"
"padma","padma"
"nad","nad"
"zahr","zahr"
"thamaraithandu","thamaraithandu"
"kanwal","kanwal"
"kakri","kakri"
"f006","f006"
"potato","potato"
"tuberosum","tuberosum"
"simolu","simolu"
"aloo","aloo"
"gal","gal"
"bateka","bateka"
"alugadda","alugadda"
"oalu","oalu"
"urula","urula"
"kizhangu","kizhangu"
"batata","batata"
"aalukah","aalukah"
"urulai","urulai"
"bangala","bangala"
"f007","f007"
"n.","n."
"o.","o."
"p.","p."
"urulaikizhangu","urulaikizhangu"
"f008","f008"
"f009","f009"
"gonglu","gonglu"
"moolikaa","moolikaa"
"mooli","mooli"
"f010","f010"
"f011","f011"
"f012","f012"
"f013","f013"
"ipomoes","ipomoes"
"batatas","batatas"
"meetha","meetha"
"ranga","ranga"
"sakkaria","sakkaria"
"shakarkand","shakarkand"
"genasu","genasu"
"phankaro","phankaro"
"sakkarvalli","sakkarvalli"
"kazhangu","kazhangu"
"manghra","manghra"
"ratalu","ratalu"
"sakhar","sakhar"
"khand","khand"
"kandamula","kandamula"
"sakkargandi","sakkargandi"
"chilagada","chilagada"
"f014","f014"
"f015","f015"
"tapioca","tapioca"
"manihot","manihot"
"esculenta","esculenta"
"sagi","sagi"
"simla","simla"
"aararoot","aararoot"
"mra","mra"
"mrachini","mrachini"
"tarul","tarul"
"kathakonda","kathakonda"
"maravalli","maravalli"
"krrapendalamu","krrapendalamu"
"kasawa","kasawa"
"f016","f016"
"chestnut","chestnut"
"eleocharis","eleocharis"
"dulcis","dulcis"
"a.pani","a.pani"
"singora","singora"
"pani","pani"
"shingoda","shingoda"
"shingara","shingara"
"goer","goer"
"karimpolam","karimpolam"
"kaothum","kaothum"
"singhara","singhara"
"shingada","shingada"
"kubyakam","kubyakam"
"f017","f017"
"yam","yam"
"elephant","elephant"
"amorphophallus","amorphophallus"
"campanulatus","campanulatus"
"ol","ol"
"kachu","kachu"
"suran","suran"
"zimikandha","zimikandha"
"suvarna","suvarna"
"hati","hati"
"chena","chena"
"haa","haa"
"zimikand","zimikand"
"karunai","karunai"
"kandha","kandha"
"f018","f018"
"ordinary","ordinary"
"kath","kath"
"gherkochoo","gherkochoo"
"ratadu","ratadu"
"sooran","sooran"
"goradu","goradu"
"pidaloo","pidaloo"
"khamba","khamba"
"aalu","aalu"
"durdakandagadda","durdakandagadda"
"f019","f019"
"wild","wild"
"dioscorea","dioscorea"
"versicolor","versicolor"
"jongoli","jongoli"
"suaralu","suaralu"
"hegganasu","hegganasu"
"kattuchena","kattuchena"
"kodi","kodi"
"chedu","chedu"
"paddu","paddu"
"g001","g001"
"chillies","chillies"
"green-1","green-1"
"annum","annum"
"hasi","hasi"
"menasinakayi","menasinakayi"
"marach","marach"
"wangun","wangun"
"mulaku","mulaku"
"morok","morok"
"hariyo","hariyo"
"khursani","khursani"
"marichika","marichika"
"pachhai","pachhai"
"mirapakaya","mirapakaya"
"condiments","condiments"
"spices","spices"
"g002","g002"
"green-2","green-2"
"mynken","mynken"
"g003","g003"
"green-3","green-3"
"g004","g004"
"green-4","green-4"
"g005","g005"
"green-5","green-5"
"vadhvani","vadhvani"
"g006","g006"
"green-6","green-6"
"g007","g007"
"green-7","green-7"
"gola","gola"
"beb","beb"
"g008","g008"
"g009","g009"
"coriander","coriander"
"coriandrum","coriandrum"
"dhania","dhania"
"dhone","dhone"
"kothambari","kothambari"
"daaniwal","daaniwal"
"dhonia","dhonia"
"kothamalli","kothamalli"
"fadhighom","fadhighom"
"hario","hario"
"dhaniya","dhaniya"
"kothimiri","kothimiri"
"g010","g010"
"curry","curry"
"murraya","murraya"
"koenigii","koenigii"
"narasingha","narasingha"
"karhi","karhi"
"umdo","umdo"
"gandhela","gandhela"
"karibevu","karibevu"
"kori","kori"
"kariveppilai","kariveppilai"
"kary","kary"
"bhursanga","bhursanga"
"kadhi","kadhi"
"girinimba","girinimba"
"karivepaku","karivepaku"
"g011","g011"
"garlic","garlic"
"clove","clove"
"nohoru","nohoru"
"rashun","rashun"
"lasan","lasan"
"lehsan","lehsan"
"bellulli","bellulli"
"ruhan","ruhan"
"rynsun","rynsun"
"vellulli","vellulli"
"chanam","chanam"
"lasoon","lasoon"
"lasun","lasun"
"rasuna","rasuna"
"lashoonam","lashoonam"
"poondu","poondu"
"laisan","laisan"
"g012","g012"
"g013","g013"
"single","single"
"ek","ek"
"koya","koya"
"ottrai","ottrai"
"g014","g014"
"ginger","ginger"
"zinziber","zinziber"
"officinale","officinale"
"ada","ada"
"adu","adu"
"adrak","adrak"
"shunti","shunti"
"sying","sying"
"inji","inji"
"sing","sing"
"ale","ale"
"aduwa","aduwa"
"aadrak","aadrak"
"allam","allam"
"g015","g015"
"curcuma","curcuma"
"amada","amada"
"hardar","hardar"
"adhrak","adhrak"
"mavina","mavina"
"sunthi","sunthi"
"makhir","makhir"
"mangainji","mangainji"
"haldi","haldi"
"mainji","mainji"
"mamidiallam","mamidiallam"
"g016","g016"
"mint","mint"
"mentha","mentha"
"spicata","spicata"
"podina","podina"
"pudina","pudina"
"phudino","phudino"
"pudinth","pudinth"
"nungsihidak","nungsihidak"
"baabari","baabari"
"g017","g017"
"piyanj","piyanj"
"peyaj","peyaj"
"kando","kando"
"eerulli","eerulli"
"gandha","gandha"
"pyaj","pyaj"
"gandhe","gandhe"
"palaanduh","palaanduh"
"vengayam","vengayam"
"neerulli","neerulli"
"ullipaya","ullipaya"
"g018","g018"
"xoru","xoru"
"gundhun","gundhun"
"dungri","dungri"
"chikk","chikk"
"praan","praan"
"cheriya","cheriya"
"chayapi","chayapi"
"g019","g019"
"asafoetida","asafoetida"
"ferula","ferula"
"assa-foetida","assa-foetida"
"hing","hing"
"hingu","hingu"
"yangu","yangu"
"perungayam","perungayam"
"badhika","badhika"
"perugayam","perugayam"
"inguva","inguva"
"g020","g020"
"cardamom","cardamom"
"elettaria","elettaria"
"cardamomum","cardamomum"
"ilasi","ilasi"
"elach","elach"
"alechi","alechi"
"elaychi","elaychi"
"yelakki","yelakki"
"aa’l","aa’l"
"budu’a","budu’a"
"aa’","aa’"
"l","l"
"elaishi","elaishi"
"elakkai","elakkai"
"elaichi","elaichi"
"veldoda","veldoda"
"alaichi","alaichi"
"g021","g021"
"boro","boro"
"moti","moti"
"badi","badi"
"elathari","elathari"
"baddi","baddi"
"g022","g022"
"sukan","sukan"
"jolokia","jolokia"
"shuckhuo","shuckhuo"
"lonka","lonka"
"ona","ona"
"trykhong","trykhong"
"akangba","akangba"
"rato","rato"
"mircha","mircha"
"varamilagai","varamilagai"
"g023","g023"
"cloves","cloves"
"aromaticum","aromaticum"
"lobong","lobong"
"lavang","lavang"
"lavanga","lavanga"
"ruang","ruang"
"krambu","krambu"
"luwang","luwang"
"labang","labang"
"lavangu","lavangu"
"g024","g024"
"dhoniya","dhoniya"
"kothambalari","kothambalari"
"dhanyaka","dhanyaka"
"vidhai","vidhai"
"dhaniyalu","dhaniyalu"
"g025","g025"
"cumin","cumin"
"cuminum","cuminum"
"cyminum","cyminum"
"jeera","jeera"
"jire","jire"
"jiru","jiru"
"jira","jira"
"jeerage","jeerage"
"zyur","zyur"
"jeerakam","jeerakam"
"jiraka","jiraka"
"jeelakarra","jeelakarra"
"g026","g026"
"dana","dana"
"menthe","menthe"
"meeth","meeth"
"methe","methe"
"venthayam","venthayam"
"menthulu","menthulu"
"g027","g027"
"mace","mace"
"myristica","myristica"
"fragrans","fragrans"
"jayitri","jayitri"
"javantri","javantri"
"avithri","avithri"
"jalwatur","jalwatur"
"jathipatri","jathipatri"
"jaypatri","jaypatri"
"jaipatri","jaipatri"
"japathri","japathri"
"g028","g028"
"nutmeg","nutmeg"
"jaiphal","jaiphal"
"jayphal","jayphal"
"jayaphad","jayaphad"
"jayikayi","jayikayi"
"zaaphal","zaaphal"
"jathikai","jathikai"
"jayaphala","jayaphala"
"jatiphala","jatiphala"
"jajikaya","jajikaya"
"jaifal","jaifal"
"g029","g029"
"omum","omum"
"trachyspermum","trachyspermum"
"ammi","ammi"
"ajwain","ajwain"
"joan","joan"
"ajmo","ajmo"
"ajwan","ajwan"
"oma","oma"
"jawind","jawind"
"paspron","paspron"
"ayamothakam","ayamothakam"
"onva","onva"
"juani","juani"
"ajamoda","ajamoda"
"vamu","vamu"
"g030","g030"
"pippali","pippali"
"longum","longum"
"pipul","pipul"
"khus","khus"
"pipli","pipli"
"kandan","kandan"
"lippili","lippili"
"sohmarit","sohmarit"
"khlaw","khlaw"
"tippali","tippali"
"pimpli","pimpli"
"sarupippali","sarupippali"
"tippili","tippili"
"pippallu","pippallu"
"g031","g031"
"pepper","pepper"
"jaluk","jaluk"
"golmarichi","golmarichi"
"mari","mari"
"kalimirchi","kalimirchi"
"kari","kari"
"menasu","menasu"
"marutus","marutus"
"marit","marit"
"kurumlaku","kurumlaku"
"mire","mire"
"marich","marich"
"golomarcho","golomarcho"
"ushna","ushna"
"hapusha","hapusha"
"milagu","milagu"
"mirayalu","mirayalu"
"kaali","kaali"
"g032","g032"
"poppy","poppy"
"papaver","papaver"
"somniferum","somniferum"
"afoo","afoo"
"posta","posta"
"aphina","aphina"
"postdana","postdana"
"afim","afim"
"khaskhash","khaskhash"
"afiam","afiam"
"khaskhas","khaskhas"
"postak","postak"
"khas","khas"
"khasa","khasa"
"khasakhasa","khasakhasa"
"gasagasalu","gasagasalu"
"khash","khash"
"g033","g033"
"turmeric","turmeric"
"powder","powder"
"halodhi","halodhi"
"holud","holud"
"haddar","haddar"
"anashina","anashina"
"lader","lader"
"shynrai","shynrai"
"manjal","manjal"
"yaingang","yaingang"
"halad","halad"
"besar","besar"
"haladi","haladi"
"pasupu","pasupu"
"h001","h001"
"almond","almond"
"amygdalus","amygdalus"
"almon","almon"
"vatam","vatam"
"kottai","kottai"
"kagji","kagji"
"nuts","nuts"
"oil","oil"
"h002","h002"
"arecanut","arecanut"
"areca","areca"
"catechu","catechu"
"a.sufari","a.sufari"
"supari","supari"
"sopari","sopari"
"adike","adike"
"kwai","kwai"
"tyrkhong","tyrkhong"
"adakka","adakka"
"gua","gua"
"puuga","puuga"
"paakku","paakku"
"vakka","vakka"
"h003","h003"
"color","color"
"sufari","sufari"
"supaari","supaari"
"h004","h004"
"tamul","tamul"
"h005","h005"
"cashew","cashew"
"nut","nut"
"anacardium","anacardium"
"occidentale","occidentale"
"kaju","kaju"
"hijli","hijli"
"geru","geru"
"kashu","kashu"
"andi","andi"
"mundiri","mundiri"
"jeedi","jeedi"
"h006","h006"
"coconut","coconut"
"kernal","kernal"
"cocos","cocos"
"nucifera","nucifera"
"dab","dab"
"narikol","narikol"
"narkel","narkel"
"kopra","kopra"
"kachli","kachli"
"nariyal","nariyal"
"thengini","thengini"
"narjil","narjil"
"snep","snep"
"kor","kor"
"thenga","thenga"
"yubi","yubi"
"narel","narel"
"nadia","nadia"
"kopparai","kopparai"
"kobbari","kobbari"
"khopra","khopra"
"h007","h007"
"kernel","kernel"
"nariyad","nariyad"
"thengina","thengina"
"narjeel","narjeel"
"karikku","karikku"
"naribel","naribel"
"paida","paida"
"naarikela","naarikela"
"thenkai","thenkai"
"nariyel","nariyel"
"h008","h008"
"soru","soru"
"manimunni","manimunni"
"asadiyo","asadiyo"
"h009","h009"
"gingelly","gingelly"
"sesamum","sesamum"
"indicum","indicum"
"til","til"
"tal","tal"
"acchellu","acchellu"
"nei","nei"
"ellu","ellu"
"thoiding","thoiding"
"amuba","amuba"
"teel","teel"
"rasi","rasi"
"nuvvulu","nuvvulu"
"h010","h010"
"h011","h011"
"boga","boga"
"safed","safed"
"angouba","angouba"
"h012","h012"
"ground","ground"
"arachis","arachis"
"hypogea","hypogea"
"singdana","singdana"
"phali","phali"
"nilakkadalai","nilakkadalai"
"leibak","leibak"
"bhui","bhui"
"verkadalai","verkadalai"
"verusenaga","verusenaga"
"h013","h013"
"soriyah","soriyah"
"sorse","sorse"
"rai","rai"
"assur","assur"
"syrso","syrso"
"mohori","mohori"
"rayo","rayo"
"sarssapa","sarssapa"
"avalu","avalu"
"h014","h014"
"linseeds","linseeds"
"linum","linum"
"usitatissimum","usitatissimum"
"tishi","tishi"
"adsi","adsi"
"alsi","alsi"
"agasi","agasi"
"ailsh","ailsh"
"cheruchana","cheruchana"
"jawas","jawas"
"pesi","pesi"
"atasii","atasii"
"ali","ali"
"ginzalu","ginzalu"
"h015","h015"
"niger","niger"
"guizotia","guizotia"
"abyssinica","abyssinica"
"sorguja","sorguja"
"gurellu","gurellu"
"bazar","bazar"
"bhang","bhang"
"karim","karim"
"karale","karale"
"kattelu","kattelu"
"valasulu","valasulu"
"h016","h016"
"gray","gray"
"h017","h017"
"pine","pine"
"pinus","pinus"
"gerardiana","gerardiana"
"chilgoza","chilgoza"
"kseh","kseh"
"jhurane","jhurane"
"rhi","rhi"
"h018","h018"
"pistachio","pistachio"
"pistacla","pistacla"
"vera","vera"
"pista","pista"
"pesta","pesta"
"h019","h019"
"safflower","safflower"
"carthamus","carthamus"
"tinctorius","tinctorius"
"kusum","kusum"
"kusumbo","kusumbo"
"kardi","kardi"
"kusambe","kusambe"
"tiew","tiew"
"sngi","sngi"
"karadi","karadi"
"sendurkan","sendurkan"
"kusuma","kusuma"
"h020","h020"
"sunflower","sunflower"
"helianthus","helianthus"
"annuus","annuus"
"beli","beli"
"suraj","suraj"
"mukhi","mukhi"
"bee","bee"
"surya","surya"
"sryakanti","sryakanti"
"bijagalu","bijagalu"
"suryakanthi","suryakanthi"
"numitlei","numitlei"
"surjya","surjya"
"podduthirugidi","podduthirugidi"
"h021","h021"
"walnut","walnut"
"juglans","juglans"
"regia","regia"
"akhrot","akhrot"
"akrodu","akrodu"
"dhoon","dhoon"
"akrottandi","akrottandi"
"heijukha","heijukha"
"akhrod","akhrod"
"okhar","okhar"
"akhoot","akhoot"
"akrot","akrot"
"akhrut","akhrut"
"i001","i001"
"jaggery","jaggery"
"cane","cane"
"saccharum","saccharum"
"officinarum","officinarum"
"gur","gur"
"gurh","gurh"
"god","god"
"gud","gud"
"bella","bella"
"gor","gor"
"mithai","mithai"
"godd","godd"
"vellam","vellam"
"chini","chini"
"anganba","anganba"
"gul","gul"
"guda","guda"
"mandavellam","mandavellam"
"bellam","bellam"
"sugars","sugars"
"i002","i002"
"sugarcane","sugarcane"
"kunhiyar","kunhiyar"
"akher","akher"
"rosh","rosh"
"sherdino","sherdino"
"ras","ras"
"ganne","ganne"
"kabbina","kabbina"
"halu","halu"
"rus","rus"
"pai","pai"
"karumbin","karumbin"
"neeru","neeru"
"chuhing","chuhing"
"usacha","usacha"
"rasa","rasa"
"aakhu","aakhu"
"dorua","dorua"
"karumbu","karumbu"
"charu","charu"
"cheruku","cheruku"
"rasam","rasam"
"j001","j001"
"button","button"
"mushroom","mushroom"
"agaricus","agaricus"
"sp.","sp."
"banger","banger"
"chata","chata"
"biladi","biladi"
"top","top"
"aanabay","aanabay"
"aanabe","aanabe"
"hadder","hadder"
"tit","tit"
"budam","budam"
"kun","kun"
"koon","koon"
"chenghum","chenghum"
"bhoochhtra","bhoochhtra"
"chatu","chatu"
"khoomba","khoomba"
"kaalaan","kaalaan"
"putta","putta"
"godugu","godugu"
"mushrooms","mushrooms"
"j002","j002"
"chicken","chicken"
"lactiporus","lactiporus"
"tyndong","tyndong"
"j003","j003"
"shiitake","shiitake"
"lentinula","lentinula"
"uyen","uyen"
"j004","j004"
"oyster","oyster"
"pleurotus","pleurotus"
"biladino","biladino"
"k001","k001"
"toddy","toddy"
"tari","tari"
"henda","henda"
"tadi","tadi"
"tarai","tarai"
"kiad","kiad"
"mar.","mar."
"todhi","todhi"
"tam.","tam."
"kallu","kallu"
"miscellaneous","miscellaneous"
"foods","foods"
"k002","k002"
"narikolor","narikolor"
"daberjal","daberjal"
"nu","nu"
"narji","narji"
"pooen","pooen"
"um","um"
"snepkor","snepkor"
"naral","naral"
"ilaneer","ilaneer"
"l001","l001"
"milk","milk"
"buffalo","buffalo"
"mohor","mohor"
"gakhir","gakhir"
"dudha","dudha"
"mosher","mosher"
"bhes","bhes"
"dhudh","dhudh"
"bhains","bhains"
"dhood","dhood"
"uemma","uemma"
"doodh","doodh"
"dud","dud"
"muid","muid"
"kerbau","kerbau"
"paal","paal"
"eroi","eroi"
"sanghom","sanghom"
"maish","maish"
"mainsi","mainsi"
"maz","maz"
"erumaipal","erumaipal"
"gedha","gedha"
"barre","barre"
"palu","palu"
"products","products"
"l002","l002"
"cow","cow"
"garoor","garoor"
"garu","garu"
"gai","gai"
"hasuvina","hasuvina"
"masi","masi"
"san","san"
"gay","gay"
"gaan","gaan"
"gow","gow"
"kshiram","kshiram"
"pasumpaal","pasumpaal"
"aavu","aavu"
"paalu","paalu"
"l003","l003"
"panner","panner"
"paneer","paneer"
"chhena","chhena"
"tali","tali"
"chaman","chaman"
"palkatti","palkatti"
"paladai","paladai"
"paalavirugudu","paalavirugudu"
"l004","l004"
"khoa","khoa"
"mavo","mavo"
"khoya","khoya"
"khowa","khowa"
"khua","khua"
"thirattupal","thirattupal"
"m001","m001"
"egg","egg"
"poultry","poultry"
"m002","m002"
"m003","m003"
"yolk","yolk"
"m004","m004"
"boiled","boiled"
"m005","m005"
"m006","m006"
"m007","m007"
"omlet","omlet"
"m008","m008"
"hen","hen"
"m009","m009"
"m010","m010"
"m011","m011"
"duck","duck"
"m012","m012"
"m013","m013"
"m014","m014"
"quial","quial"
"m015","m015"
"n001","n001"
"leg","leg"
"skinless","skinless"
"n002","n002"
"thigh","thigh"
"n003","n003"
"breast","breast"
"n004","n004"
"wing","wing"
"n005","n005"
"liver","liver"
"n006","n006"
"gizzard","gizzard"
"n007","n007"
"with","with"
"n008","n008"
"n009","n009"
"n010","n010"
"n011","n011"
"meat","meat"
"n012","n012"
"emu","emu"
"n013","n013"
"guinea","guinea"
"fowl","fowl"
"n014","n014"
"pigeon","pigeon"
"n015","n015"
"quail","quail"
"n016","n016"
"turkey","turkey"
"n017","n017"
"n018","n018"
"n019","n019"
"o001","o001"
"goat","goat"
"shoulder","shoulder"
"animal","animal"
"o002","o002"
"chops","chops"
"o003","o003"
"legs","legs"
"o004","o004"
"brain","brain"
"o005","o005"
"tongue","tongue"
"o006","o006"
"lungs","lungs"
"o007","o007"
"heart","heart"
"o008","o008"
"o009","o009"
"tripe","tripe"
"o010","o010"
"spleen","spleen"
"o011","o011"
"kidneys","kidneys"
"o012","o012"
"tube","tube"
"intestine","intestine"
"o013","o013"
"testis","testis"
"o014","o014"
"sheep","sheep"
"o015","o015"
"o016","o016"
"o017","o017"
"o018","o018"
"o019","o019"
"o020","o020"
"o021","o021"
"o022","o022"
"o023","o023"
"o024","o024"
"o025","o025"
"beef","beef"
"o026","o026"
"o027","o027"
"o028","o028"
"o029","o029"
"o030","o030"
"o031","o031"
"o032","o032"
"o033","o033"
"o034","o034"
"o035","o035"
"o036","o036"
"calf","calf"
"o037","o037"
"o038","o038"
"o039","o039"
"o040","o040"
"o041","o041"
"o042","o042"
"o043","o043"
"o044","o044"
"o045","o045"
"mithun","mithun"
"o046","o046"
"o047","o047"
"o048","o048"
"pork","pork"
"o049","o049"
"o050","o050"
"ham","ham"
"o051","o051"
"o052","o052"
"o053","o053"
"o054","o054"
"stomach","stomach"
"o055","o055"
"o056","o056"
"o057","o057"
"o058","o058"
"o059","o059"
"o060","o060"
"o061","o061"
"rabbit","rabbit"
"o062","o062"
"o063","o063"
"p001","p001"
"allathi","allathi"
"elops","elops"
"machnata","machnata"
"marine","marine"
"fish","fish"
"p002","p002"
"aluva","aluva"
"parastromateus","parastromateus"
"p003","p003"
"anchovy","anchovy"
"stolephorus","stolephorus"
"p004","p004"
"aprion","aprion"
"virescens","virescens"
"p005","p005"
"betki","betki"
"lates","lates"
"calcarifer","calcarifer"
"p006","p006"
"snapper","snapper"
"macolor","macolor"
"p007","p007"
"bombay","bombay"
"harpadon","harpadon"
"nehereus","nehereus"
"p008","p008"
"bommuralu","bommuralu"
"muraenesox","muraenesox"
"cinerius","cinerius"
"p009","p009"
"cat","cat"
"tachysurus","tachysurus"
"thalassinus","thalassinus"
"p010","p010"
"chakla","chakla"
"rachycentron","rachycentron"
"canadum","canadum"
"p011","p011"
"chappal","chappal"
"aluterus","aluterus"
"monoceros","monoceros"
"p012","p012"
"chelu","chelu"
"elagatis","elagatis"
"bipinnulata","bipinnulata"
"p013","p013"
"chembali","chembali"
"lutjanus","lutjanus"
"quinquelineatus","quinquelineatus"
"p014","p014"
"eri","eri"
"meen","meen"
"pristipomoides","pristipomoides"
"filamentosus","filamentosus"
"p015","p015"
"gobro","gobro"
"epinephelus","epinephelus"
"diacanthus","diacanthus"
"p016","p016"
"guitar","guitar"
"rhinobatus","rhinobatus"
"prahli","prahli"
"p017","p017"
"hilsa","hilsa"
"tenualosa","tenualosa"
"ilisha","ilisha"
"p018","p018"
"jallal","jallal"
"arius","arius"
"p019","p019"
"jathi","jathi"
"vela","vela"
"lethrinus","lethrinus"
"lentjan","lentjan"
"p020","p020"
"kadal","kadal"
"bral","bral"
"synodus","synodus"
"p021","p021"
"nemipterus","nemipterus"
"mesoprion","mesoprion"
"p022","p022"
"kalamaara","kalamaara"
"leptomelanosoma","leptomelanosoma"
"p023","p023"
"kalava","kalava"
"coioides","coioides"
"p024","p024"
"kanamayya","kanamayya"
"rivulatus","rivulatus"
"p025","p025"
"kannadi","kannadi"
"paarai","paarai"
"alectis","alectis"
"p026","p026"
"karimeen","karimeen"
"etroplus","etroplus"
"suratensis","suratensis"
"p027","p027"
"karnagawala","karnagawala"
"anchoa","anchoa"
"hepsetus","hepsetus"
"p028","p028"
"kayrai","kayrai"
"thunnus","thunnus"
"albacores","albacores"
"p029","p029"
"kiriyan","kiriyan"
"atule","atule"
"mate","mate"
"p030","p030"
"kite","kite"
"mobula","mobula"
"kuhlii","kuhlii"
"p031","p031"
"korka","korka"
"terapon","terapon"
"jarbua","jarbua"
"p032","p032"
"kulam","kulam"
"carangoides","carangoides"
"fulvoguttatus","fulvoguttatus"
"p033","p033"
"maagaa","maagaa"
"polynemus","polynemus"
"plebeius","plebeius"
"p034","p034"
"mackerel","mackerel"
"rastrelliger","rastrelliger"
"kanagurta","kanagurta"
"p035","p035"
"manda","manda"
"clathi","clathi"
"naso","naso"
"reticulatus","reticulatus"
"p036","p036"
"matha","matha"
"acanthurus","acanthurus"
"mata","mata"
"p037","p037"
"chanos","chanos"
"p038","p038"
"moon","moon"
"mene","mene"
"maculata","maculata"
"p039","p039"
"mullet","mullet"
"mugil","mugil"
"cephalus","cephalus"
"p040","p040"
"mural","mural"
"tylosurus","tylosurus"
"crocodilus","crocodilus"
"p041","p041"
"myil","myil"
"istiophorus","istiophorus"
"platypterus","platypterus"
"p042","p042"
"bontha","bontha"
"p043","p043"
"narba","narba"
"caranx","caranx"
"sexfasciatus","sexfasciatus"
"p044","p044"
"heberi","heberi"
"p045","p045"
"padayappa","padayappa"
"canthidermis","canthidermis"
"p046","p046"
"pali","pali"
"kora","kora"
"panna","panna"
"microdon","microdon"
"p047","p047"
"pambada","pambada"
"lepturacanthus","lepturacanthus"
"savala","savala"
"p048","p048"
"pandukopa","pandukopa"
"pseudosciaena","pseudosciaena"
"manchurica","manchurica"
"p049","p049"
"parava","parava"
"lactarius","lactarius"
"p050","p050"
"parcus","parcus"
"psettodes","psettodes"
"erumei","erumei"
"p051","p051"
"parrot","parrot"
"scarus","scarus"
"ghobban","ghobban"
"p052","p052"
"perinkilichai","perinkilichai"
"pinjalo","pinjalo"
"p053","p053"
"phopat","phopat"
"coryphaena","coryphaena"
"hippurus","hippurus"
"p054","p054"
"piranha","piranha"
"pygopritis","pygopritis"
"p055","p055"
"pomfret","pomfret"
"p056","p056"
"snub","snub"
"nose","nose"
"trachinotus","trachinotus"
"blochii","blochii"
"p057","p057"
"pampus","pampus"
"argenteus","argenteus"
"p058","p058"
"pranel","pranel"
"gerres","gerres"
"p059","p059"
"pulli","pulli"
"gnathanodon","gnathanodon"
"speciosus","speciosus"
"p060","p060"
"queen","queen"
"scomberoides","scomberoides"
"commersonianus","commersonianus"
"p061","p061"
"raai","raai"
"lobotes","lobotes"
"surinamensis","surinamensis"
"p062","p062"
"vanthu","vanthu"
"chlorostigma","chlorostigma"
"p063","p063"
"rani","rani"
"perch","perch"
"p064","p064"
"ray","ray"
"bow","bow"
"head","head"
"spotted","spotted"
"rhina","rhina"
"ancylostoma","ancylostoma"
"p065","p065"
"argentimaculatus","argentimaculatus"
"p066","p066"
"priacanthus","priacanthus"
"hamrur","hamrur"
"p067","p067"
"sadaya","sadaya"
"platax","platax"
"orbicularis","orbicularis"
"p068","p068"
"salmon","salmon"
"salmo","salmo"
"salar","salar"
"p069","p069"
"sangada","sangada"
"japanicus","japanicus"
"p070","p070"
"sankata","sankata"
"ignobilis","ignobilis"
"p071","p071"
"sardine","sardine"
"sardinella","sardinella"
"longiceps","longiceps"
"p072","p072"
"shark","shark"
"carcharhinus","carcharhinus"
"sorrah","sorrah"
"p073","p073"
"hammer","hammer"
"sphyrna","sphyrna"
"mokarran","mokarran"
"p074","p074"
"stegostoma","stegostoma"
"fasciatum","fasciatum"
"p075","p075"
"shelavu","shelavu"
"sphyraena","sphyraena"
"jello","jello"
"p076","p076"
"silan","silan"
"silonia","silonia"
"silondia","silondia"
"p077","p077"
"silk","silk"
"beryx","beryx"
"p078","p078"
"silver","silver"
"carp","carp"
"hypophthalmichthys","hypophthalmichthys"
"molitrix","molitrix"
"p079","p079"
"sole","sole"
"cynoglossus","cynoglossus"
"arel","arel"
"p080","p080"
"stingray","stingray"
"dasyatis","dasyatis"
"pastinaca","pastinaca"
"p081","p081"
"tarlava","tarlava"
"drepane","drepane"
"punctata","punctata"
"p082","p082"
"tholam","tholam"
"plectorhinchus","plectorhinchus"
"schotaf","schotaf"
"p083","p083"
"tilapia","tilapia"
"oreochromis","oreochromis"
"niloticus","niloticus"
"p084","p084"
"tuna","tuna"
"euthynnus","euthynnus"
"affinis","affinis"
"p085","p085"
"striped","striped"
"katsuwonus","katsuwonus"
"pelamis","pelamis"
"p086","p086"
"valava","valava"
"chirocentrus","chirocentrus"
"nudus","nudus"
"p087","p087"
"vanjaram","vanjaram"
"scomberomorus","scomberomorus"
"commerson","commerson"
"p088","p088"
"p089","p089"
"vora","vora"
"siganus","siganus"
"javus","javus"
"p090","p090"
"whale","whale"
"galeocerdo","galeocerdo"
"cuvier","cuvier"
"p091","p091"
"xiphinis","xiphinis"
"xiphias","xiphias"
"gladius","gladius"
"p092","p092"
"eggs","eggs"
"ompok","ompok"
"bimaculatus","bimaculatus"
"q001","q001"
"crab","crab"
"menippe","menippe"
"mercenaria","mercenaria"
"shellfish","shellfish"
"q002","q002"
"sea","sea"
"portunus","portunus"
"sanguinolentus","sanguinolentus"
"q003","q003"
"lobster","lobster"
"thenus","thenus"
"orientalis","orientalis"
"q004","q004"
"king","king"
"size","size"
"q005","q005"
"mud","mud"
"scylla","scylla"
"tranquebarica","tranquebarica"
"q006","q006"
"crassostrea","crassostrea"
"q007","q007"
"tiger","tiger"
"prawns","prawns"
"solenocera","solenocera"
"crassicornis","crassicornis"
"q008","q008"
"penaeus","penaeus"
"monodon","monodon"
"r001","r001"
"clam","clam"
"shell","shell"
"perna","perna"
"mollusks","mollusks"
"r002","r002"
"ribbed","ribbed"
"meretrix","meretrix"
"r003","r003"
"octopus","octopus"
"r004","r004"
"squid","squid"
"loligo","loligo"
"r005","r005"
"hard","hard"
"sepia","sepia"
"pharaonis","pharaonis"
"r006","r006"
"duvaucelii","duvaucelii"
"r007","r007"
"uroteuthis","uroteuthis"
"duvauceli","duvauceli"
"s001","s001"
"tandanus","tandanus"
"s002","s002"
"catla","catla"
"s003","s003"
"freshwater","freshwater"
"eel","eel"
"anguilla","anguilla"
"s004","s004"
"gold","gold"
"carassius","carassius"
"auratus","auratus"
"s005","s005"
"pangas","pangas"
"pangasianodon","pangasianodon"
"hypophthalmus","hypophthalmus"
"s006","s006"
"rohu","rohu"
"labeo","labeo"
"rohita","rohita"
"s007","s007"
"pachygrapsus","pachygrapsus"
"s008","s008"
"macrobrachium","macrobrachium"
"rosenbergii","rosenbergii"
"s009","s009"
"s010","s010"
"t001","t001"
"edible","edible"
"oils","oils"
"fats","fats"
"t002","t002"
"t003","t003"
"cotton","cotton"
"t004","t004"
"t005","t005"
"groundnut","groundnut"
"t006","t006"
"t007","t007"
"t008","t008"
"bran","bran"
"t009","t009"
"t010","t010"
"blended","blended"
"t011","t011"
"soyabean","soyabean"
"t012","t012"
"t013","t013"
"ghee","ghee"
"t014","t014"
"vanaspati","vanaspati"
